,economy,Country,Internet_Usage,GDP_USD,GDP_per_Capita,Poverty_Rate,Total_Population
0,AFG,Afghanistan,17.7089,"$17152234636,8715","$413,757894705303",-,42647492.0
1,ALB,Albania,83.1356,"$27046429296,6673","$11377,7757431099","30,0%",2377128.0
2,DZA,Algeria,76.9081,"$269322281664,773","$5752,99076651465","0,0%",46814308.0
3,ASM,American Samoa,0.0,"$871000000,0","$18017,4589383973",-,46765.0
4,AND,Andorra,95.4456,"$4039842405,48117","$49303,6491674336",-,81938.0
5,AGO,Angola,44.7581,"$100998916781,079","$2665,87444776753","3929,9999999999995%",37885849.0
6,ATG,Antigua and Barbuda,77.5756,"$2207622874,07407","$23542,4526945578",-,93772.0
7,ARG,Argentina,89.6672,"$638365455340,04","$13969,7836603737","100,0%",45696159.0
8,ARM,Armenia,79.9966,"$25955275380,0321","$8556,21406956719","190,0%",3033500.0
9,ABW,Aruba,97.17,"$4265650673,00236","$39498,5941293797",-,107995.0
10,AUS,Australia,97.0631,"$1757022451652,83","$64603,9856308464","100,0%",27196812.0
11,AUT,Austria,94.9197,"$534790720466,822","$58268,8787651601","50,0%",9177982.0
12,AZE,Azerbaijan,89.0,"$74315882352,9412","$7283,8499076179","0,0%",10202830.0
13,BHS,"Bahamas, The",94.8186,"$15832800000,0","$39455,4466548546",-,401283.0
14,BHR,Bahrain,100.0,"$47109734308,5106","$29653,5682731534",-,1588670.0
15,BGD,Bangladesh,44.5027,"$450119432068,852","$2593,41611680774","590,0%",173562364.0
16,BRB,Barbados,79.9923,"$7498050000,0","$26544,8707282621","170,0%",282467.0
17,BLR,Belarus,94.2618,"$75961865471,9129","$8317,63399913792","0,0%",9132629.0
18,BEL,Belgium,95.7758,"$671370081636,406","$56614,5679499036","10,0%",11858610.0
19,BLZ,Belize,72.3595,"$3203631800,0","$7681,24400583113","100,0%",417072.0
20,BEN,Benin,32.2083,"$21482643706,4249","$1485,38018885134","2720,0%",14462724.0
21,BMU,Bermuda,98.37,"$9233600000,0","$142855,374713782",-,64636.0
22,BTN,Bhutan,88.426,"$3012896789,24928","$3831,32535494609","0,0%",791524.0
23,BOL,Bolivia,70.2368,"$54881327452,9667","$4421,16609889999","280,0%",12413315.0
24,BIH,Bosnia and Herzegovina,86.1009,"$29613572022,8993","$9358,78768951134","20,0%",3164253.0
25,BWA,Botswana,81.36,"$19402063512,9066","$7695,75319445165","2140,0%",2521139.0
26,BRA,Brazil,84.4635,"$2185821648943,86","$10310,5488778166","380,0%",211998573.0
27,BRN,Brunei Darussalam,99.0336,"$15340808592,48","$33153,4738913513",-,462721.0
28,BGR,Bulgaria,82.439,"$113343355779,985","$17596,0173663521","100,0%",6441421.0
29,BFA,Burkina Faso,17.0226,"$23124729853,0218","$981,992649769081","4210,0%",23548781.0
30,BDI,Burundi,11.0784,"$3082433067,32634","$219,424830882698","7420,0%",14047786.0
31,CPV,Cabo Verde,73.539,"$2725414150,72735","$5192,48157325878","1460,0%",524877.0
32,KHM,Cambodia,60.7171,"$46352647037,2406","$2627,87969756224",-,17638801.0
33,CMR,Cameroon,41.9088,"$53296694320,2057","$1830,00833684727","2670,0%",29123744.0
34,CAN,Canada,93.9564,"$2243636826633,76","$54340,3477224733","20,0%",41288599.0
35,CYM,Cayman Islands,81.0677,"$7241244269,45972","$99143,5180243123",-,74457.0
36,CAF,Central African Republic,7.50916,"$2751494281,06887","$516,160999996036","7159,999999999999%",5330690.0
37,TCD,Chad,13.1832,"$19518819751,283","$961,55975562506","3950,0%",20299123.0
38,CHI,Channel Islands,-,"$12507320838,3932","$74585,5224096294",-,168126.0
39,CHL,Chile,94.4574,"$330267137371,592","$16709,8893972307","50,0%",19764771.0
40,CHN,China,92.0,"$18743803170827,2","$13303,1481543868","0,0%",1408975000.0
41,COL,Colombia,77.3369,"$418818154879,271","$7919,20886825345","770,0%",52886363.0
42,COM,Comoros,35.6678,"$1440991455,45188","$1662,75663312504","3140,0%",866628.0
43,COD,"Congo, Dem, Rep,",30.548,"$70962185790,7094","$649,383338556725","8530,0%",109276265.0
44,COG,"Congo, Rep,",38.3791,"$15719986076,6464","$2482,2489948456","3920,0000000000005%",6332961.0
45,CRI,Costa Rica,85.3951,"$95350423176,5962","$18587,1532203482","130,0%",5129910.0
46,CIV,Cote d'Ivoire,40.6528,"$87113179149,284","$2727,8935220697","2090,0%",31934230.0
47,HRV,Croatia,83.6324,"$92983810328,9088","$24050,4397933135","30,0%",3866200.0
48,CUB,Cuba,71.275,"$107352000000,0","$9605,27914559614",-,10979783.0
49,CUW,Curacao,68.1272,"$3561178196,20713","$22832,8953958667",-,155967.0
50,CYP,Cyprus,91.2211,"$37634533331,8902","$38674,29296875","0,0%",1358282.0
51,CZE,Czechia,87.6878,"$347034062928,479","$31823,3078290564","0,0%",10905028.0
52,DNK,Denmark,99.7692,"$424524722037,047","$71026,4832271897","40,0%",5976992.0
53,DJI,Djibouti,65.0248,"$4152145939,98458","$3552,72335079222","2540,0%",1168722.0
54,DMA,Dominica,83.8255,"$688881481,481481","$10405,2787777582",-,66205.0
55,DOM,Dominican Republic,91.0022,"$124282245638,568","$10875,6618443092","80,0%",11427557.0
56,ECU,Ecuador,77.1727,"$124676074700,0","$6874,705739766","730,0%",18135478.0
57,EGY,"Egypt, Arab Rep,",72.6899,"$389059911003,566","$3338,47371395895","140,0%",116538258.0
58,SLV,El Salvador,67.6558,"$35364960000,0","$5579,65969165029","459,99999999999994%",6338193.0
59,GNQ,Equatorial Guinea,60.3661,"$12765777677,0622","$6745,40013244916","880,0000000000001%",1892516.0
60,ERI,Eritrea,20.0104,"$2065001626,01626","$688,68165957684",-,3535603.0
61,EST,Estonia,92.238,"$43130419829,35","$31428,3547816104","30,0%",1372341.0
62,SWZ,Eswatini,57.62,"$4858885840,77236","$3909,55892378182","4450,0%",1242822.0
63,ETH,Ethiopia,16.6981,"$149740297952,986","$1133,88279681719","3860,0%",132059767.0
64,FRO,Faroe Islands,97.582,"$4052937169,76536","$74119,6607553879",-,54681.0
65,FJI,Fiji,79.3485,"$5968125909,27126","$6425,74151715712","470,0%",928784.0
66,FIN,Finland,93.5139,"$298696961297,656","$53149,7671934051","20,0%",5619911.0
67,FRA,France,88.6538,"$3160442622465,08","$46103,0840855884","10,0%",68551653.0
68,PYF,French Polynesia,72.7039,"$6323716355,05009","$22439,8838746025",-,281807.0
69,GAB,Gabon,71.9256,"$20895684425,6752","$8230,04311451151","380,0%",2538952.0
70,GMB,"Gambia, The",45.9137,"$2404888749,21907","$871,340291776294","2200,0%",2759988.0
71,GEO,Georgia,81.8843,"$34189423544,9955","$9241,49122313713","420,0%",3699557.0
72,DEU,Germany,93.5,"$4685592577804,69","$56103,7323182554","20,0%",83516593.0
73,GHA,Ghana,69.9445,"$82308110386,4641","$2390,77237652715","3900,0%",34427414.0
74,GRC,Greece,86.2697,"$256238371778,118","$24626,1481858973","60,0%",10405134.0
75,GRL,Greenland,69.4825,"$3326543974,39193","$58498,9707973609",-,56836.0
76,GRD,Grenada,74.1201,"$1371918518,51852","$11705,0902976658","80,0%",117207.0
77,GUM,Guam,80.5055,"$6910000000,0","$41833,1517132825",-,167777.0
78,GTM,Guatemala,56.0535,"$113199581158,203","$6150,02571438505","969,9999999999999%",18406359.0
79,GIN,Guinea,26.5014,"$25008678293,4084","$1694,95375862193","1170,0%",14754785.0
80,GNB,Guinea-Bissau,32.4661,"$2218393804,54798","$1007,74151728028","3990,0%",2201352.0
81,GUY,Guyana,81.7221,"$24662709832,1343","$29675,2443873316","1300,0%",831087.0
82,HTI,Haiti,39.262,"$25224154990,7946","$2142,62330526788","4040,0%",11772557.0
83,HND,Honduras,58.2789,"$37093565854,0437","$3426,43483328923","1570,0%",10825703.0
84,HKG,"Hong Kong SAR, China",95.9778,"$406863396487,342","$54074,6928519479",-,7524100.0
85,HUN,Hungary,93.779,"$222722738925,641","$23292,3263882478","90,0%",9562065.0
86,ISL,Iceland,99.8301,"$33255181468,9382","$86040,5309851288","10,0%",386506.0
87,IND,India,70.0,"$3909891533858,08","$2694,73780859961","530,0%",1450935791.0
88,IDN,Indonesia,72.7808,"$1396300098190,97","$4925,43048751861","540,0%",283487931.0
89,IRN,"Iran, Islamic Rep,",79.6309,"$475252089215,416","$5190,16959024821","250,0%",91567738.0
90,IRQ,Iraq,81.7291,"$279641257615,385","$6073,61032342708","50,0%",46042015.0
91,IRL,Ireland,96.4974,"$609157459747,205","$112894,953240805","10,0%",5395790.0
92,IMN,Isle of Man,-,"$7431257410,92713","$88328,548125887",-,84160.0
93,ISR,Israel,88.1824,"$540379921261,681","$54176,6844383302","70,0%",9974400.0
94,ITA,Italy,89.2207,"$2380825077243,59","$40385,3413957669","90,0%",58952704.0
95,JAM,Jamaica,89.473,"$22014397089,7689","$7753,8006955432","140,0%",2839175.0
96,JPN,Japan,86.9815,"$4027597523550,58","$32487,0778047567","120,0%",123975371.0
97,JOR,Jordan,92.5344,"$53352289577,4648","$4618,09592498567","10,0%",11552876.0
98,KAZ,Kazakhstan,93.3917,"$291480274648,826","$14154,6324958076","0,0%",20592571.0
99,KEN,Kenya,34.9762,"$120339557905,932","$2132,43452097647","4690,0%",56432944.0
100,KIR,Kiribati,88.0,"$307862564,489711","$2288,63471423684","610,0%",134518.0
101,KOR,"Korea, Rep,",97.8956,"$1875388209406,8","$36238,639908315","20,0%",51751065.0
102,XKX,Kosovo,89.443,"$11197246322,588","$7023,06598512878","1000,0%",1594353.0
103,KWT,Kuwait,99.7473,"$160227273053,334","$32717,7186631255",-,4897263.0
104,KGZ,Kyrgyz Republic,88.4701,"$17478259659,2625","$2420,18542283831","270,0%",7221868.0
105,LAO,Lao PDR,63.6255,"$16502933121,3379","$2123,97909415109","1570,0%",7769819.0
106,LVA,Latvia,92.7076,"$43684254432,3609","$23409,0845154775","40,0%",1866124.0
107,LBN,Lebanon,83.4933,"$20078620356,9931","$3477,72489842684","590,0%",5805962.0
108,LSO,Lesotho,47.991,"$2271759454,51107","$971,90771824829","4190,0%",2337423.0
109,LBR,Liberia,23.4979,"$4779300900,0","$851,497723870206","3360,0%",5612817.0
110,LBY,Libya,88.4989,"$48487151215,345","$6569,16408678648",-,7381023.0
111,LIE,Liechtenstein,97.3444,"$8239379403,22096","$206780,590353385",-,40450.0
112,LTU,Lithuania,88.5029,"$84869215513,3648","$29384,0189598663","110,00000000000001%",2888278.0
113,LUX,Luxembourg,98.7606,"$93279851863,4062","$137781,681659123","10,0%",677012.0
114,MAC,"Macao SAR, China",89.1806,"$49467258923,3244","$72004,7437020733",-,687000.0
115,MDG,Madagascar,20.3671,"$17420501490,1231","$544,987501003384","6920,0%",31964956.0
116,MWI,Malawi,17.9881,"$11316411329,4619","$522,570393642547","7540,000000000001%",21655286.0
117,MYS,Malaysia,98.0206,"$422227005428,688","$11874,4273684245","0,0%",35557673.0
118,MDV,Maldives,84.6851,"$7061608267,25451","$13379,3513577224","0,0%",527799.0
119,MLI,Mali,35.0921,"$26794747239,8805","$1094,61949265799","3610,0%",24478595.0
120,MLT,Malta,92.0727,"$24971574502,4475","$43898,5781808597","10,0%",568847.0
121,MHL,Marshall Islands,65.7177,"$290108489,990234","$7726,33668877794","210,0%",37548.0
122,MRT,Mauritania,37.3809,"$10908045686,8808","$2110,12036938187","1019,9999999999999%",5169395.0
123,MUS,Mauritius,79.5,"$14937861786,17","$11990,7798944837","50,0%",1245779.0
124,MEX,Mexico,81.1832,"$1856365616165,94","$14185,7812248529","229,99999999999997%",130861007.0
125,FSM,"Micronesia, Fed, Sts,",39.3833,"$471425099,488675","$4166,00476748564","2610,0%",113160.0
126,MDA,Moldova,80.2126,"$18200340853,6517","$7576,19589413326","10,0%",2402306.0
127,MCO,Monaco,99.1497,"$11125783372,4794","$288001,433369041",-,38631.0
128,MNG,Mongolia,83.0162,"$23794540024,5132","$6750,6301157724","40,0%",3524788.0
129,MNE,Montenegro,88.8826,"$8270016670,86774","$13263,3281277699","250,0%",623525.0
130,MAR,Morocco,91.0,"$160610994054,734","$4153,1943359375","370,0%",38081173.0
131,MOZ,Mozambique,19.8434,"$22745341305,0622","$656,776824637306","8140,000000000001%",34631766.0
132,MMR,Myanmar,58.5357,"$74068349523,8095","$1359,05001560107","1030,0%",54500091.0
133,NAM,Namibia,64.4061,"$13372354511,716","$4413,12752211572","2290,0%",3030131.0
134,NRU,Nauru,81.6554,"$162588620,632234","$13609,158837552","969,9999999999999%",11947.0
135,NPL,Nepal,55.7716,"$42914268286,7109","$1447,31004458428","240,0%",29651054.0
136,NLD,Netherlands,97.0068,"$1214927698572,66","$67520,4218956281","10,0%",17993485.0
137,NCL,New Caledonia,82.0058,"$8548919387,12607","$29213,1923192946",-,292639.0
138,NZL,New Zealand,96.1638,"$260172385097,616","$49205,1792146792",-,5287500.0
139,NIC,Nicaragua,58.2314,"$19693982967,5926","$2847,53966339498","660,0%",6916140.0
140,NER,Niger,23.1879,"$19876128485,7857","$735,270255787226","6050,0%",27032412.0
141,NGA,Nigeria,39.2136,"$252261880141,151","$1084,16041805436","4180,0%",232679478.0
142,MKD,North Macedonia,87.1819,"$16951682245,4202","$9291,85661671864","390,0%",1824359.0
143,MNP,Northern Mariana Islands,0.0,"$1096000000,0","$23785,754590043",-,44278.0
144,NOR,Norway,99.0,"$483592648313,301","$86785,4334489176","20,0%",5572279.0
145,OMN,Oman,95.2517,"$107137198769,386","$20285,2272897377",-,5281538.0
146,PAK,Pakistan,27.3759,"$371570000121,266","$1478,77277977996","1650,0%",251269164.0
147,PLW,Palau,26.9703,"$276733062,744141","$15610,8231931032",-,17695.0
148,PAN,Panama,68.5485,"$86523959131,7472","$19161,2188501596","310,0%",4515577.0
149,PNG,Papua New Guinea,24.0667,"$31800428265,5246","$3006,70564478923","5220,0%",10576502.0
150,PRY,Paraguay,81.5781,"$44458118397,4445","$6416,09708970845","210,0%",6929153.0
151,PER,Peru,81.9571,"$289221969062,941","$8452,37167056621","509,99999999999994%",34217848.0
152,PHL,Philippines,83.7661,"$461617509782,355","$3984,8315387656","530,0%",115843670.0
153,POL,Poland,88.585,"$917767106146,761","$25103,565661423","20,0%",36559233.0
154,PRT,Portugal,88.487,"$313271185085,102","$29292,242104753","40,0%",10694681.0
155,PRI,Puerto Rico (US),87.2918,"$126029527033,705","$39343,7154660139",-,3203295.0
156,QAT,Qatar,99.6528,"$219162637362,637","$76688,6941743178","0,0%",2857822.0
157,ROU,Romania,91.2905,"$382564217988,866","$20080,2096215595","70,0%",19051804.0
158,RUS,Russian Federation,94.365,"$2173835806671,66","$14889,0185546875","10,0%",143533851.0
159,RWA,Rwanda,34.2005,"$14251642235,0968","$999,65456165547","3860,0%",14256567.0
160,WSM,Samoa,58.1386,"$1175749785,65113","$5392,87761915762","450,0%",218019.0
161,SMR,San Marino,87.0278,"$2027527227,831","$59879,7173015651",-,33977.0
162,STP,Sao Tome and Principe,61.4607,"$822154621,088897","$3490,56883486557","1300,0%",235536.0
163,SAU,Saudi Arabia,100.0,"$1239804533333,33","$35121,6628687742",-,35300280.0
164,SEN,Senegal,60.6122,"$32808056600,9436","$1773,21829923448","1789,9999999999998%",18501984.0
165,SRB,Serbia,87.6907,"$90097765959,1114","$13679,2065983557","200,0%",6586476.0
166,SYC,Seychelles,87.4009,"$2167239562,46013","$17858,8226383978","70,0%",121354.0
167,SLE,Sierra Leone,20.635,"$6971127235,3123","$806,654650417726","4150,0%",8642022.0
168,SGP,Singapore,94.3776,"$547386645891,847","$90674,066632628",-,6036860.0
169,SXM,Sint Maarten (Dutch part),-,"$1797836665,95136","$41472,5874498583",-,43350.0
170,SVK,Slovak Republic,89.8251,"$140934076532,375","$25992,6748502048","50,0%",5422069.0
171,SVN,Slovenia,90.7636,"$72972015197,3859","$34301,0318686594","0,0%",2127400.0
172,SLB,Solomon Islands,42.4597,"$1583964703,75061","$1933,55538435227","4029,9999999999995%",819198.0
173,SOM,"Somalia, Fed, Rep,",27.6,"$11967000000,0","$629,538899449007",-,19009151.0
174,ZAF,South Africa,75.6592,"$401144998373,585","$6267,186814093","3120,0%",64007187.0
175,SSD,South Sudan,9.27123,"$11997800760,2242","$1080,14718624765","7650,0%",11943408.0
176,ESP,Spain,95.7575,"$1725671652742,19","$35326,7683069278","80,0%",48848840.0
177,LKA,Sri Lanka,51.2,"$98963185509,6499","$4515,56787322732","270,0%",21916000.0
178,KNA,"St, Kitts and Nevis",76.4208,"$1122388888,88889","$23960,6534357084",-,46843.0
179,LCA,"St, Lucia",70.0834,"$2549062962,96296","$14181,6303351598","10,0%",179744.0
180,MAF,"St, Martin (French part)",-,"$649206262,847519","$21668,3776525323",-,26129.0
181,VCT,"St, Vincent and the Grenadines",75.9927,"$1157207407,40741","$11501,2265187188",-,100616.0
182,SDN,Sudan,26.4383,"$49672435513,1126","$984,607666015625","1010,0%",50448963.0
183,SUR,Suriname,78.3958,"$4416775112,09627","$6961,78955961526","220,00000000000003%",634431.0
184,SWE,Sweden,95.5293,"$603715224265,798","$57117,4877440616","80,0%",10569709.0
185,CHE,Switzerland,97.3444,"$936564198048,516","$103998,186685604","20,0%",9005582.0
186,SYR,Syrian Arab Republic,34.65,"$23622827079,5047","$1051,67149587463","1650,0%",24672760.0
187,TJK,Tajikistan,56.791,"$14204575548,5536","$1341,20229027672","610,0%",10590927.0
188,TZA,Tanzania,29.0638,"$78844405385,2195","$1186,71691894531","5130,0%",68560157.0
189,THA,Thailand,90.8672,"$526517658841,684","$7346,62022142185","0,0%",71668011.0
190,TLS,Timor-Leste,34.0207,"$1865608515,41321","$1331,9705130185","4390,0%",1400638.0
191,TGO,Togo,37.0223,"$10651180146,531","$1119,38160509429","3440,0%",9515236.0
192,TON,Tonga,58.5334,"$591139749,44287","$5651,59373063157","40,0%",104175.0
193,TTO,Trinidad and Tobago,84.6994,"$25633544529,4849","$18733,4110406494","320,0%",1368333.0
194,TUN,Tunisia,72.3542,"$51332285656,5422","$4181,13789301228","70,0%",12277109.0
195,TUR,Turkiye,87.3079,"$1359123768774,12","$15892,7157287241","50,0%",85518661.0
196,TKM,Turkmenistan,21.251,"$51387209872,2994","$6856,65802730208","3510,0%",7494498.0
197,TCA,Turks and Caicos Islands,0.0,"$1745378000,0","$37506,7798431288",-,46535.0
198,TUV,Tuvalu,74.3146,"$62280311,5852172","$6344,7750188689","900,0%",9646.0
199,UGA,Uganda,8.94983,"$53911907086,1525","$1077,91278452817","5980,0%",50015092.0
200,UKR,Ukraine,82.3755,"$190741262414,705","$5389,47314453125","0,0%",37860221.0
201,ARE,United Arab Emirates,100.0,"$552324846834,581","$50273,5060469837","0,0%",10986400.0
202,GBR,United Kingdom,96.2988,"$3686033044482,13","$53246,3676145108","50,0%",69226000.0
203,USA,United States,93.1444,"$28750956130731,2","$84534,0407841548","120,0%",340110988.0
204,URY,Uruguay,91.9911,"$80961511073,5797","$23906,5133029408","20,0%",3386588.0
205,UZB,Uzbekistan,89.0136,"$114965293466,611","$3161,70010632875","270,0%",36361859.0
206,VUT,Vanuatu,45.7313,"$1117972034,22642","$3410,77023167097","1950,0%",327777.0
207,VEN,"Venezuela, RB",61.6,"$119802963257,783","$4217,59102643391","969,9999999999999%",28405543.0
208,VNM,Viet Nam,84.15,"$476388230307,175","$4717,29028732449","160,0%",100987686.0
209,VIR,"Virgin Islands (U,S,)",64.3775,"$4672000000,0","$44320,909185774",-,104377.0
210,PSE,West Bank and Gaza,86.6377,"$13711100000,0","$2592,30591217647","210,0%",5289152.0
211,YEM,"Yemen, Rep,",13.8152,"$21606160663,0318","$633,887202451545","3329,9999999999995%",40583164.0
212,ZMB,Zambia,33.0,"$25303185342,2511","$1187,10943350064","7170,0%",21314956.0
213,ZWE,Zimbabwe,38.4266,"$41539411516,4448","$2497,20332208763","4920,0%",16634373.0
214,VGB,British Virgin Islands,77.7043,-,-,-,39471.0
215,GIB,Gibraltar,94.4445,-,-,-,39329.0
216,PRK,"Korea, Dem, People's Rep,",0.0,-,-,-,26498823.0
